words,polarity
abandon,Negative
abandonment,Negative
abate,Negative
abdicate,Negative
abhor,Negative
abide,Positive
ability,Positive
abject,Negative
able,Positive
abnormal,Negative
abolish,Negative
abominable,Negative
abound,Positive
abrasive,Negative
abrupt,Negative
abscond,Negative
absence,Negative
absent#1,Negative
absent-minded,Negative
absentee,Negative
absolve,Positive
absorbent,Positive
absorption,Positive
absurd,Negative
absurdity,Negative
abundance,Positive
abundant,Positive
abuse#1,Negative
abuse#2,Negative
abyss,Negative
accede,Positive
accentuate,Positive
accept,Positive
acceptable,Positive
acceptance,Positive
accessible,Positive
accession,Positive
accident,Negative
acclaim,Positive
acclamation,Positive
accolade,Positive
accommodate,Positive
accommodation,Positive
accompaniment,Positive
accomplish,Positive
accomplishment,Positive
accord#2,Positive
accord#3,Positive
accord#5,Positive
accordance,Positive
accost,Negative
accountable,Positive
accrue,Positive
accuracy,Positive
accurate,Positive
accurateness,Positive
accursed,Negative
accusation,Negative
accuse#1,Negative
accuse#2,Negative
ache,Negative
achieve,Positive
achievement,Positive
acknowledgement,Positive
acquaint,Positive
acquaintance,Positive
acquit,Positive
acquittal,Positive
acrimonious,Negative
acrimony,Negative
actual#1,Positive
actual#2,Positive
actuality,Positive
adamant,Positive
adaptability,Positive
adaptable,Positive
adaptation,Positive
adaptive,Positive
addict,Negative
addiction,Negative
adept,Positive
adeptness,Positive
adequate,Positive
adherence,Positive
adherent,Positive
adhesion,Positive
adhesive,Positive
adjunct,Positive
adjust#2,Positive
adjustable,Positive
adjustment,Positive
admirable,Positive
admiration,Positive
admire,Positive
admirer,Positive
admit#1,Positive
admit#2,Positive
admit#3,Positive
admittance,Positive
admonish,Negative
admonition,Negative
adorable,Positive
adore,Positive
adorn,Positive
adornment,Positive
adroit,Positive
adroitly,Positive
adulation,Positive
adult#2,Positive
adulterate,Negative
adulteration,Negative
adultery,Negative
advance#1,Positive
advance#2,Positive
advance#3,Positive
advancement,Positive
advantage,Positive
advantageous,Positive
advent,Positive
adventuresome,Positive
adventurous,Positive
adversary,Negative
adverse,Negative
adversity,Negative
advisable,Positive
advocacy,Positive
affability,Positive
affable,Positive
affectation,Negative
affection,Positive
affectionate,Positive
affiliate,Positive
affiliation,Positive
affinity,Positive
affirm,Positive
affirmation,Positive
affirmative,Positive
affix,Positive
afflict,Negative
affliction,Negative
affluence,Positive
affluent,Positive
afloat,Positive
afraid#2,Negative
against,Negative
aggravate,Negative
aggravation,Negative
aggregate,Positive
aggregation,Positive
aggression,Negative
aggressive,Negative
aggressiveness,Negative
aggressor,Negative
aggrieve,Negative
aghast,Negative
agile,Positive
agility,Positive
agitate,Negative
agitation,Negative
agitator,Negative
agonize,Negative
agony,Negative
agreeable,Positive
agreement,Positive
aid#1,Positive
aid#2,Positive
ail,Negative
ailment,Negative
aimless,Negative
alarm#2,Negative
alarming,Negative
alas,Negative
alertness,Positive
alibi,Negative
alien,Negative
alienate,Negative
alienation,Negative
alight,Positive
alive,Positive
allegation,Negative
allege,Negative
allegiance,Positive
alleviate,Positive
alliance,Positive
allied,Positive
allies,Positive
allow#1,Positive
allowable,Positive
allowance,Positive
allure,Positive
ally#1,Positive
almighty,Positive
aloof,Negative
altercation,Negative
altruistic,Positive
amazement,Positive
amazing,Positive
ambiguity,Negative
ambiguous,Negative
ambivalent,Negative
ambush#1,Negative
ambush#2,Negative
ameliorate,Positive
amenable,Positive
amenity,Positive
amiability,Positive
amiable,Positive
amicable,Positive
amiss,Negative
amnesty,Positive
amour,Positive
ample,Positive
amplify,Positive
amply,Positive
amputate,Negative
amuse,Positive
amusement,Positive
anarchist,Negative
anarchy,Negative
angel,Positive
angelic,Positive
anger#1,Negative
anger#2,Negative
angry,Negative
anguish,Negative
animosity,Negative
annihilate,Negative
annihilation,Negative
annoy,Negative
annoyance,Negative
anoint,Positive
anomalous,Negative
anomaly,Negative
antagonism,Negative
antagonist,Negative
antagonistic,Negative
antagonize,Negative
anti-social,Negative
antipathy,Negative
antiquated,Negative
antitrust,Negative
anxiety,Negative
anxious#2,Negative
anxious#3,Negative
anxiousness,Negative
apathetic,Negative
apathy,Negative
apocalypse,Positive
appall#1,Negative
appall#2,Negative
appeal#3,Positive
appease,Positive
append,Positive
applaud,Positive
applause,Positive
appoint#1,Positive
appoint#2,Positive
appreciable,Positive
appreciate,Positive
appreciation,Positive
appreciative,Positive
apprehend,Positive
apprehension,Negative
apprehensive,Negative
approach#1,Positive
approach#2,Positive
appropriate#1,Positive
approval,Positive
approve#1,Positive
approve#2,Positive
apt,Positive
aptitude,Positive
arbiter,Positive
arbitrary,Negative
arbitrate,Positive
arbitration,Positive
ardent,Positive
arduous,Negative
argue#1,Negative
argument#1,Negative
arisen,Positive
aristocracy,Positive
aristocrat,Positive
aristocratic,Positive
arrest#1,Negative
arrest#2,Negative
arrest#3,Positive
arrogance,Negative
arrogant,Negative
art#1,Positive
art#4,Positive
artificial,Negative
ascribe,Positive
ashamed,Negative
aspiration,Positive
aspire,Positive
assail,Negative
assailant,Negative
assassin,Negative
assassinate,Negative
assault#1,Negative
assault#2,Negative
assent,Positive
assertion,Positive
asset,Positive
assist#1,Positive
assist#2,Positive
assistance,Positive
assistant,Positive
associate#1,Positive
associate#2,Positive
associate#3,Positive
association#1,Positive
association#2,Positive
assurance,Positive
assure#1,Positive
assure#2,Positive
assure#3,Positive
assuredly,Positive
astound,Positive
astray,Negative
astute,Positive
asunder,Negative
athletic,Positive
atrocious,Negative
atrophy,Negative
attachment,Positive
attack#1,Negative
attack#2,Negative
attack#3,Negative
attain,Positive
attainment,Positive
attend#1,Positive
attendance,Positive
attentive,Positive
attract,Positive
attraction,Positive
attractive,Positive
attractiveness,Positive
attune,Positive
audacious,Negative
audacity,Negative
audible,Positive
augment,Positive
augmentation,Positive
auspicious,Positive
austere,Negative
authentic,Positive
authenticity,Positive
authoritative,Positive
authority,Positive
autocrat,Negative
autocratic,Negative
autonomous,Positive
availability,Positive
avarice,Negative
avaricious,Negative
avenge,Negative
aversion,Negative
avert,Negative
avid,Positive
avoid,Negative
avoidance,Negative
award#1,Positive
award#2,Positive
aware,Positive
awareness,Positive
awful#1,Negative
awkward,Negative
awkwardness,Negative
ax,Negative
babble,Negative
back#2,Positive
back#5,Positive
backbone,Positive
backer,Positive
backing,Positive
backward,Negative
backwardness,Negative
bad,Negative
badly,Negative
baffle,Negative
bafflement,Negative
bail,Negative
bait,Negative
balk,Negative
ball#5,Positive
ball#6,Positive
balmy,Positive
banal,Negative
bandit,Negative
bane,Negative
banish#1,Negative
banish#2,Negative
banishment,Negative
bankrupt,Negative
bankruptcy,Negative
baptism,Positive
baptize,Positive
bar#4,Negative
barbarian,Negative
barbarous,Negative
bargain,Positive
barren,Negative
barrier,Negative
bashful,Negative
basic#1,Positive
basic#2,Positive
bastard,Negative
battle#1,Negative
battle#2,Negative
battlefield,Negative
beacon,Positive
beastly,Negative
beat#2,Negative
beat#3,Negative
beat#4,Negative
beauteous,Positive
beautify,Positive
beauty,Positive
befit,Positive
befitting,Positive
befriend,Positive
beg,Negative
beggar,Negative
behalf,Positive
behead,Negative
belated,Negative
belie,Negative
belittle,Negative
belligerent,Negative
beloved,Positive
belt#2,Negative
benefactor,Positive
beneficent,Positive
beneficial,Positive
beneficiary,Positive
benefit#1,Positive
benefit#2,Positive
benefit#3,Positive
benevolence,Positive
benevolent,Positive
benign,Positive
bequeath,Positive
bereave,Negative
bereavement,Negative
bereft,Negative
berserk,Negative
beseech,Negative
beset,Negative
besiege,Negative
best,Positive
bestow,Positive
betray,Negative
betrayal,Negative
betroth,Positive
betrothal,Positive
better#1,Positive
better#2,Positive
beware,Negative
bewilder,Negative
bewilderment,Negative
bit#2,Negative
bitchy,Negative
bite#1,Negative
bite#2,Negative
bite#3,Negative
bitter,Negative
bitterness,Negative
bizarre,Negative
blackmail,Negative
blah,Negative
blame#1,Negative
blame#2,Negative
blameless,Positive
bland,Negative
blast#1,Negative
blast#2,Negative
blatant,Negative
bleak,Negative
blemish,Negative
bless#1,Positive
bless#2,Positive
bless#3,Positive
blind#1,Negative
blind#2,Negative
blind#3,Negative
blind#4,Negative
blindness,Negative
bliss,Positive
blissful,Positive
blithe,Positive
block#1,Negative
block#2,Negative
blockhead,Negative
bloodshed,Negative
bloodthirsty,Negative
bloody,Negative
bloom,Positive
blossom,Positive
blow#1,Negative
blow#3,Negative
blunder,Negative
blunt,Negative
blur,Negative
blurt,Negative
board#7,Negative
board#8,Positive
boast,Negative
boastful,Negative
bogus,Negative
boisterous,Negative
boldness,Positive
bolster,Positive
bolt,Negative
bomb#1,Negative
bomb#2,Negative
bombard,Negative
bombardment,Negative
bondage,Negative
bonny,Positive
bonus,Positive
boom,Positive
boost#1,Positive
boost#2,Positive
boot,Negative
bore#1,Negative
bore#5,Negative
bore#6,Negative
boredom,Negative
bother#1,Negative
bother#3,Negative
bothersome,Negative
bound#3,Negative
boundless,Positive
bountiful,Positive
bout,Negative
box#2,Negative
brag,Negative
brainy,Positive
brandish,Negative
brat,Negative
bravado,Negative
brave,Positive
bravery,Positive
brawl,Negative
brazen,Negative
breach,Negative
breadwinner,Positive
break#1,Negative
break#4,Negative
break#5,Negative
breakdown,Negative
bribe,Negative
bright,Positive
brightness,Positive
brilliance,Positive
brilliant,Positive
bristle,Negative
brittle,Negative
broke#3,Negative
broke#5,Negative
broke#6,Negative
broke#7,Negative
broken-hearted,Negative
brood,Negative
brotherhood,Positive
brotherly,Positive
bruise,Negative
brusque,Negative
brutality,Negative
brute,Negative
brutish,Negative
buckle,Negative
bug#2,Negative
bullet,Negative
bum,Negative
bungle,Negative
buoyant,Positive
burden#1,Negative
burden#2,Negative
burdensome,Negative
burglar,Negative
burglary,Negative
burn#1,Negative
burn#2,Negative
burn#3,Negative
burn#4,Negative
bury,Negative
busybody,Negative
butchery,Negative
buy#2,Positive
calamity,Negative
call#4,Positive
callous,Negative
calm#1,Positive
calm#2,Positive
calm#3,Positive
calmness,Positive
cancel,Negative
cancellation,Negative
cancer,Negative
candid,Positive
candor,Positive
cannibal,Negative
cannon,Negative
capability,Positive
capable,Positive
capital#2,Negative
capitalize,Positive
capitulate,Negative
capricious,Negative
capsize,Negative
captivation,Positive
captive,Negative
capture#1,Negative
capture#2,Negative
care#1,Positive
care#2,Positive
careen,Negative
carefree,Positive
careful,Positive
careless,Negative
carelessness,Negative
caress#1,Positive
caress#2,Positive
casual,Positive
casualty,Negative
cataclysm,Negative
catastrophe,Negative
catch#3,Negative
cave#2,Negative
ceaseless,Positive
celebrate,Positive
celebration,Positive
celebrity,Positive
censor,Negative
censorship,Negative
censure,Negative
ceremonial,Positive
chafe,Negative
challenge#1,Negative
challenge#2,Negative
champ,Positive
champion,Positive
championship,Positive
chaos,Negative
chaotic,Negative
charge#2,Negative
charge#3,Negative
charge#6,Negative
charge#7,Negative
charisma,Positive
charitable,Positive
charity,Positive
charm#1,Positive
charm#2,Positive
chase#1,Negative
chase#2,Negative
chaste,Positive
chastise,Negative
cheap,Negative
cheapen,Negative
cheater,Negative
cheer,Positive
cheerful,Positive
cheery,Positive
cherish#1,Positive
cherish#2,Positive
cherub,Positive
chic,Positive
chide,Negative
childish,Negative
chivalrous,Positive
chivalry,Positive
choke#1,Negative
choke#2,Negative
chore,Negative
chosen#2,Positive
chronic,Negative
chum,Positive
circle#3,Negative
civil#1,Positive
civility,Positive
civilization,Positive
civilize#1,Positive
civilize#2,Positive
clamor,Negative
clamorous,Negative
clarify,Positive
clarity,Positive
clash,Negative
classic,Positive
clatter,Negative
clean#1,Positive
clean#3,Positive
cleanliness,Positive
cleanse,Positive
clear#1,Positive
clear#2,Positive
clear#3,Positive
clear#4,Positive
clear#5,Positive
clearness,Positive
clever,Positive
clique,Negative
clog,Negative
close#2,Negative
close#7,Negative
closeness,Positive
clout,Positive
club#2,Negative
club#3,Negative
clumsy,Negative
clutter,Negative
co-operation,Positive
coarse,Negative
coarseness,Negative
coax,Positive
cockiness,Negative
cocky,Negative
coddle,Positive
coerce,Negative
coercion,Negative
coercive,Negative
coexistence,Positive
cogent,Positive
cognizance,Positive
cognizant,Positive
coherent,Positive
cohesion,Positive
cohort,Positive
coincident,Positive
cold#1,Negative
cold#2,Negative
cold#3,Negative
cold#6,Negative
collaborate,Positive
collaboration,Positive
collapse#1,Negative
collapse#2,Negative
colleague,Positive
collide,Negative
collision,Negative
collusion,Negative
colony,Negative
colossal,Positive
combat#1,Negative
combat#2,Negative
combatant,Negative
comeback,Positive
comedy,Positive
comely,Positive
comestible,Positive
comfort#1,Positive
comfort#2,Positive
comfort#3,Positive
comfortable,Positive
comic,Positive
comical,Positive
commemorate,Positive
commemoration,Positive
commencement,Positive
commend,Positive
commendable,Positive
commendation,Positive
commensurate,Positive
commiseration,Negative
commission,Positive
commit#1,Negative
commitment,Positive
commodious,Positive
common#1,Positive
common#4,Positive
commoner,Negative
commonplace,Negative
commonsense,Positive
commotion,Negative
communal,Positive
commune,Positive
communicate#1,Positive
communicate#2,Positive
communicative,Positive
communion,Positive
community,Positive
companion,Positive
companionship,Positive
company#2,Positive
compassion,Positive
compassionate,Positive
compatible,Positive
compel#1,Negative
compel#2,Negative
compensate,Positive
compensation,Positive
compete,Negative
competence,Positive
competency,Positive
competent,Positive
competition,Negative
competitive,Negative
competitor,Negative
complain,Negative
complaint,Negative
complement#1,Positive
complement#2,Positive
complementary,Positive
complete#1,Positive
complete#2,Positive
completeness,Positive
completion,Positive
complex,Negative
complexity,Negative
compliance,Positive
complicate#1,Negative
complicate#2,Negative
complication,Negative
complicity,Negative
compliment,Positive
composure,Positive
comprehend,Positive
comprehension,Positive
comprehensive,Positive
compromise#1,Positive
compromise#2,Positive
compulsion,Negative
conceal,Negative
conceit,Negative
concern#1,Negative
concern#2,Negative
concession,Positive
conclusive,Positive
concur,Positive
condemn#1,Negative
condemn#2,Negative
condemnation,Negative
condescending,Negative
condescension,Negative
condone,Positive
conducive,Positive
confederation,Positive
confer,Positive
confess,Negative
confession,Negative
confidant,Positive
confide,Positive
confidence#1,Positive
confident,Positive
confine#1,Negative
confine#2,Negative
confinement,Negative
confiscate,Negative
confiscation,Negative
conflict#1,Negative
conflict#2,Negative
conflict#3,Negative
conflict#4,Negative
confound,Negative
confront,Negative
confrontation,Negative
confuse#1,Negative
confuse#2,Negative
confuse#3,Negative
confuse#4,Negative
confusion,Negative
congenial,Positive
congested,Negative
congestion,Negative
congratulate,Positive
congratulation,Positive
congratulatory,Positive
congregate,Positive
conjunction,Positive
conjure,Positive
connect,Positive
conquer,Positive
conqueror,Positive
conquest,Positive
conscience,Positive
conscientious,Positive
consensus,Positive
consent#1,Positive
consent#2,Positive
conserve,Positive
consider#1,Positive
consider#2,Positive
considerate,Positive
consideration#1,Positive
consign,Positive
consistency,Positive
consistent,Positive
console,Positive
consolidate,Positive
conspiracy,Negative
conspirator,Negative
conspire,Negative
constancy,Positive
consternation,Negative
constrain,Negative
constraint,Negative
constructive,Positive
consult,Positive
consultation,Positive
consummate,Positive
consumptive,Negative
contact#1,Positive
contact#2,Positive
contagious,Negative
contaminate,Negative
contamination,Negative
contempt,Negative
contemptible,Negative
contemptuous,Negative
contend,Negative
content#3,Positive
content#4,Positive
content#5,Positive
contentment,Positive
continuity,Positive
contradict,Negative
contradiction,Negative
contradictory,Negative
contrary,Negative
contribute#1,Positive
contribute#2,Positive
contribution,Positive
contributor,Positive
controversial,Negative
controversy,Negative
convene,Positive
convict#1,Negative
convict#2,Negative
conviction,Positive
convince#1,Positive
convince#2,Positive
cool,Negative
coolness,Negative
cooperate,Positive
cooperation,Positive
cooperative#1,Positive
cooperative#2,Positive
cooperative#3,Positive
coordinate,Positive
coordination,Positive
cordial,Positive
correct#1,Positive
correct#2,Positive
correct#3,Positive
correction,Positive
corrode,Negative
corrosion,Negative
corrosive,Negative
corrupt,Negative
corruption,Negative
cost#1,Negative
cost#2,Negative
costliness,Negative
costly,Negative
council,Positive
counsel#1,Positive
counsel#2,Positive
counteract,Negative
counteraction,Negative
counterfeit,Negative
courage,Positive
courageous,Positive
courteous,Positive
courtesy,Positive
courtly,Positive
covenant,Positive
covert,Negative
covet,Negative
coward,Negative
cozy,Positive
crafty,Negative
cram,Negative
cramp,Negative
cranky,Negative
crass,Negative
crave,Negative
crawl#2,Negative
craze,Negative
craziness,Negative
crazy,Negative
create,Positive
creative,Positive
creativity,Positive
credentials,Positive
credibility,Positive
credible,Positive
credit#2,Positive
credit#4,Positive
credulous,Negative
crime,Negative
criminal,Negative
cringe,Negative
cripple,Negative
crisis,Negative
critic,Negative
criticize,Negative
croak,Negative
crook,Negative
crooked,Negative
cross#3,Negative
cross#6,Negative
cross#7,Negative
crude,Negative
cruel,Negative
cruelty,Negative
crumble,Negative
crumple,Negative
crusade,Positive
crusader,Positive
crush#1,Negative
crush#2,Negative
crushing,Negative
cuddle,Positive
culminate,Positive
culmination,Positive
culpable,Negative
culprit,Negative
cultivate#1,Positive
cultivate#2,Positive
cultivation,Positive
culture#2,Positive
cumbersome,Negative
cupid,Positive
cure#1,Positive
cure#2,Positive
curse#1,Negative
curse#2,Negative
cursory,Negative
curt,Negative
curtail,Negative
curtsey,Positive
cut#1,Negative
cut#2,Negative
cute,Positive
cynical,Negative
cynicism,Negative
damage#1,Negative
damage#2,Negative
damn,Negative
damnable,Negative
damned,Negative
dance#1,Positive
dance#2,Positive
dance#3,Positive
danger,Negative
dangerous,Negative
dare,Positive
daring,Positive
dark,Negative
darken,Negative
darkness,Negative
darling,Positive
darn,Negative
daunting,Negative
dauntless,Positive
dawdle,Negative
dawn#2,Positive
daze,Negative
dazzle,Positive
dead,Negative
deadlock,Negative
deadly,Negative
deadweight,Negative
deaf,Negative
deafness,Negative
deal#1,Positive
deal#6,Negative
dear#1,Positive
dear#2,Positive
dearth,Negative
death,Negative
debatable,Negative
debtor,Negative
decadence,Negative
decadent,Negative
decay#1,Negative
decay#2,Negative
decease,Negative
deceit,Negative
deceitful,Negative
deceive#1,Negative
deceive#2,Negative
decency,Positive
decent,Positive
deception,Negative
deceptive,Negative
decipher,Positive
decline#1,Negative
decline#2,Negative
decompose,Negative
decorate,Positive
decoration,Positive
decorative,Positive
decrease#1,Negative
decrease#2,Negative
dedicate#1,Positive
dedicate#2,Positive
dedication,Positive
deduce,Positive
defame,Negative
default,Negative
defeat#1,Negative
defeat#2,Negative
defect,Negative
defective,Negative
defend,Positive
defendant,Negative
defender,Positive
defense,Positive
defensive,Negative
deference,Positive
defiance,Negative
defiant,Negative
deficiency,Negative
deficient,Negative
deficit,Negative
defile,Negative
definitive,Positive
defy,Negative
degenerate,Negative
degrade,Negative
dejected,Negative
delay#1,Negative
delay#2,Negative
delicacy,Positive
delicate,Positive
delight#1,Positive
delight#2,Positive
delightful,Positive
delinquency,Negative
delinquent,Negative
delirium,Negative
deluge,Negative
delusion,Negative
demean,Negative
demise,Negative
demolish,Negative
demon,Negative
demoralize,Negative
denial,Negative
denounce,Negative
dent,Negative
deny,Negative
dependability,Positive
dependable,Positive
dependent,Negative
deplete,Negative
deplorable,Negative
deplore,Negative
depose,Negative
depraved,Negative
depreciate,Negative
depreciation,Negative
depress#1,Negative
depress#2,Negative
depress#3,Negative
depression#1,Negative
depression#2,Negative
deprive,Negative
deride,Negative
derision,Negative
derisive,Negative
derogatory,Negative
descry,Positive
desert#2,Negative
desert#4,Negative
desertion,Negative
deserve,Positive
deservedly,Positive
desirable,Positive
desire#3,Negative
desirous,Positive
desolate,Negative
desolation,Negative
despair#1,Negative
despair#2,Negative
desperate,Negative
desperation,Negative
despicable,Negative
despise#1,Negative
despise#2,Negative
destitute,Negative
destroy,Negative
destruction,Negative
destructive,Negative
detachment,Negative
detain,Negative
deter,Negative
deterrent,Negative
detest,Negative
detestable,Negative
detract,Negative
detrimental,Negative
devastate,Negative
devastation,Negative
deviate,Negative
deviation,Negative
devil,Negative
devilish,Negative
devious,Negative
devoid,Negative
devote#1,Positive
devote#2,Positive
devotion,Positive
devout,Positive
dexterity,Positive
diabolic,Negative
diabolical,Negative
dictate,Negative
dictatorial,Negative
differ,Negative
difficult,Negative
difficulty,Negative
dig#1,Positive
dignified,Positive
dignify,Positive
dignity,Positive
dilemma,Negative
diligent,Positive
dim#1,Negative
dim#2,Negative
din,Negative
dire,Negative
dirt,Negative
dirty,Negative
disable,Negative
disadvantage,Negative
disadvantageous,Negative
disagreeable,Negative
disagreement,Negative
disappoint#1,Negative
disappoint#2,Negative
disappoint#3,Negative
disappoint#4,Negative
disappointment,Negative
disapproval,Negative
disapprove,Negative
disarm,Negative
disaster,Negative
disastrous,Negative
disavow,Negative
disavowal,Negative
disbelief,Negative
discern,Positive
discharge#1,Negative
discharge#2,Negative
disclaim,Negative
discomfort,Negative
disconcerted,Negative
discontent,Negative
discord,Negative
discordant,Negative
discourage#1,Negative
discourage#2,Negative
discouragement,Negative
discredit,Negative
discreet,Positive
discrepant,Negative
discretion,Positive
discriminate,Negative
discuss,Positive
disdain,Negative
disease,Negative
diseased,Negative
disgrace,Negative
disguise,Negative
disgust#1,Negative
disgust#2,Negative
disgust#3,Negative
disgust#4,Negative
disgust#5,Negative
dishearten,Negative
dishonest,Negative
dishonor,Negative
disingenuous,Negative
disinterest,Negative
dislike#1,Negative
dislike#2,Negative
dismal,Negative
dismiss#1,Negative
dismiss#2,Negative
disobedience,Negative
disobedient,Negative
disorder,Negative
disorganized,Negative
dispel,Negative
dispensability,Negative
dispense,Negative
displace,Negative
displease,Negative
displeasure,Negative
disposal,Negative
dispose#1,Negative
dispose#2,Negative
disproportionate,Negative
disprove,Negative
disputable,Negative
dispute#1,Negative
dispute#2,Negative
disregard,Negative
disrupt,Negative
disruption,Negative
dissatisfaction,Negative
dissatisfied,Negative
dissatisfy,Negative
dissent,Negative
dissention,Negative
dissolution,Negative
distinct,Positive
distinction,Positive
distinctive,Positive
distinguish#1,Positive
distinguish#2,Positive
distinguished,Positive
distort,Negative
distortion,Negative
distract,Negative
distracting,Negative
distraction,Negative
distress#1,Negative
distress#2,Negative
distrustful,Negative
disturb#1,Negative
disturb#2,Negative
disturb#3,Negative
disturbance,Negative
diversion,Negative
divert,Negative
divide#1,Negative
divide#2,Negative
divine#1,Positive
divine#2,Positive
divinity,Positive
division,Negative
divorce#1,Negative
divorce#2,Negative
divorce#3,Negative
dizzy,Negative
doldrums,Negative
dominance,Positive
dominate#1,Negative
dominate#2,Negative
dominate#3,Negative
domination,Negative
donate,Positive
donation,Positive
doom#1,Negative
doom#2,Negative
doomsday,Negative
dope,Negative
dote,Positive
double#3,Negative
double#4,Negative
doubt#1,Negative
doubt#2,Negative
doubt#4,Negative
doubtful,Negative
doubtless,Positive
downcast,Negative
downfall,Negative
downhearted,Negative
drab,Negative
drag,Negative
dread,Negative
dreadful,Negative
dreamland,Positive
dreary,Negative
drive#2,Negative
droop,Negative
drop#1,Negative
drop#3,Negative
drop#4,Negative
drought,Negative
drown#1,Negative
drown#2,Negative
drowsiness,Negative
drowsy,Negative
drunk#1,Negative
drunk#2,Negative
drunkard,Negative
drunken,Negative
dubious,Negative
dull,Negative
dumb,Negative
dump#1,Negative
dump#2,Negative
dunce,Negative
dungeon,Negative
durability,Positive
durable,Positive
duty,Negative
dwindle,Negative
dying#1,Negative
dying#2,Negative
dynamic,Positive
eager,Positive
eagerness,Positive
earnest,Positive
earnestness,Positive
ease#1,Positive
ease#2,Positive
easy#1,Positive
easy#2,Positive
easy#3,Positive
easy#4,Positive
eccentric,Negative
eccentricity,Negative
economize,Positive
ecstasy,Positive
ecstatic,Positive
edge#4,Negative
edible,Positive
educated#1,Positive
education,Positive
educational,Positive
effective,Positive
effectiveness,Positive
efficacy,Positive
efficiency,Positive
efficient,Positive
egotistical,Negative
elaborate,Positive
elaboration,Positive
elate,Positive
elegance,Positive
elegant,Positive
eliminate,Negative
elimination,Negative
eloquent,Positive
embarrass,Negative
embarrassment,Negative
embellish,Positive
embrace#1,Positive
embrace#2,Positive
emergency,Negative
eminence,Positive
eminent,Positive
empathy,Positive
empower,Positive
empowerment,Positive
empty#1,Negative
empty#2,Negative
enable,Positive
enchant#1,Positive
enchant#2,Positive
enchantment,Positive
encourage#1,Positive
encourage#2,Positive
encouragement,Positive
encroach,Negative
encroachment,Negative
endanger,Negative
endear,Positive
endorse,Positive
endow,Positive
endurance,Positive
enemy,Negative
energetic,Positive
energize,Positive
enforce,Negative
engage#5,Positive
engulf,Negative
enhance,Positive
enhancement,Positive
enjoy,Positive
enjoyable,Positive
enjoyment,Positive
enlighten#1,Positive
enlighten#2,Positive
enlightenment,Positive
enrage,Negative
enrich,Positive
enrichment,Positive
ensemble,Positive
enslave,Negative
ensure,Positive
entangle,Negative
entanglement,Negative
entertain#1,Positive
entertain#2,Positive
entertainment,Positive
enthusiasm,Positive
enthusiastic,Positive
entreat,Negative
entrepreneurial,Positive
entrust,Positive
envious,Negative
envision,Positive
envy,Negative
epidemic,Negative
epithet,Negative
equality,Positive
equitable,Positive
equity,Positive
equivocal,Negative
eradicate,Negative
erase,Negative
erode,Negative
erosion,Negative
err,Negative
erroneous,Negative
error,Negative
esoteric,Negative
essential#1,Positive
essential#2,Positive
establish#1,Positive
establish#2,Positive
esteem,Positive
estranged,Negative
ethical,Positive
ethics,Positive
etiquette,Positive
evade,Negative
evasion,Negative
even#3,Negative
even#4,Positive
even#5,Positive
everlasting,Positive
evict,Negative
evil#1,Negative
evil#2,Negative
exact#1,Positive
exact#2,Positive
exaggeration,Negative
exalt,Positive
exasperate,Negative
exasperation,Negative
excel,Positive
excellence,Positive
excellent,Positive
exception#2,Negative
excess,Negative
excessive,Negative
excite#1,Positive
excite#2,Positive
excited#2,Positive
excitedness,Positive
excitement,Positive
exclude,Negative
exclusion,Negative
excommunication,Negative
execute,Negative
exempt,Negative
exertion,Positive
exhaust,Negative
exhaustion,Negative
exhilaration,Positive
exile,Negative
exit,Negative
exotic,Positive
expedient,Negative
expel,Negative
expense#1,Negative
expense#2,Negative
expensive,Negative
experience#1,Positive
experience#3,Positive
expert#1,Positive
expert#2,Positive
explode,Negative
exploit#2,Negative
explosion,Negative
explosive,Negative
expose,Negative
exquisite,Positive
exterminate,Negative
extermination,Negative
extinct,Negative
extinguish,Negative
extol,Positive
extraordinary,Positive
extravagance,Positive
extravagant,Negative
exuberance,Positive
exuberant,Positive
exult,Positive
exultation,Positive
eye#3,Positive
fabricate,Negative
fabrication,Negative
fabulous,Positive
facilitate,Positive
factual,Positive
fail#1,Negative
fail#2,Negative
fail#3,Negative
fail#4,Negative
failure,Negative
faint,Negative
fair#1,Positive
fair#4,Positive
fair#5,Positive
fairness,Positive
faith#1,Positive
faith#2,Positive
faithful,Positive
faithfulness,Positive
fake,Negative
fall#7,Negative
fallacy,Negative
fallout,Negative
0,Negative
falsehood,Negative
falter,Negative
fame,Positive
familiar,Positive
familiarity,Positive
familiarize,Positive
famine,Negative
famished,Negative
famous,Positive
fanatic,Negative
fanatical,Negative
fancy,Positive
fantastic,Positive
fantasy,Positive
farce,Negative
farsighted,Positive
fascination,Positive
fascist,Negative
fashionable,Positive
fat#1,Negative
fat#2,Negative
fat#3,Negative
fatal,Negative
fatalistic,Negative
fatigue,Negative
fault,Negative
favor#1,Positive
favor#2,Positive
favor#3,Positive
favor#4,Positive
favor#5,Positive
favorable,Positive
favorite,Positive
fear#1,Negative
fear#2,Negative
fear#3,Negative
fearful,Negative
fearless,Positive
fearsome,Negative
feasible,Positive
feast#1,Positive
feast#2,Positive
fed#2,Negative
feeble,Negative
feign,Negative
feint,Negative
fellow#2,Positive
fellowship,Positive
ferocious,Negative
ferocity,Negative
fertile,Positive
fervent,Positive
fervor,Positive
festival,Positive
festive,Positive
festivity,Positive
feud,Negative
feudal,Negative
fever,Negative
feverish,Negative
fiasco,Negative
fickle,Negative
fidelity,Positive
fidget,Negative
fiend,Negative
fierce,Negative
fiery,Positive
fight#1,Negative
fight#2,Negative
fight#3,Negative
fighter,Negative
filial,Positive
fill#4,Positive
filth,Negative
filthy,Negative
fine#1,Positive
fine#2,Positive
fine#3,Positive
fine#4,Positive
fine#5,Positive
fine#6,Negative
fine#7,Negative
fire#1,Negative
fire#2,Negative
fire#3,Negative
firmness,Positive
fist,Negative
fit#2,Positive
fit#5,Positive
fitness,Positive
fix#5,Negative
flagrant,Negative
flair,Positive
flashy,Positive
flatter,Positive
flattery,Positive
flaunt,Positive
flaw,Negative
flawless,Positive
fled,Negative
flee,Negative
fleeting,Negative
flexible,Positive
flimsy,Negative
flirt,Positive
floor#5,Negative
flounder,Negative
flourish,Positive
fluent,Positive
foe,Negative
foible,Negative
fond#1,Positive
fond#2,Positive
fond#3,Positive
fond#4,Positive
fond#5,Positive
fond#6,Positive
fond#7,Positive
fondness,Positive
fool#1,Negative
fool#2,Negative
foolish,Negative
foolishness,Negative
forbid,Negative
forbidden,Negative
force#3,Negative
force#5,Negative
force#6,Negative
foreboding,Negative
foreign#2,Negative
foremost,Positive
foresight,Positive
forfeit,Negative
forgave,Positive
forgetfulness,Negative
forgive,Positive
forgiven,Positive
forgiveness,Positive
forlorn,Negative
formality,Positive
formidable,Negative
forsake,Negative
fortify,Positive
fortitude,Positive
fortunate,Positive
forward#1,Positive
foster,Positive
fought,Negative
founder#2,Negative
fracture,Negative
fragile,Negative
fragrant,Positive
frank,Positive
frantic,Negative
frantically,Negative
fraud,Negative
fraudulent,Negative
fraught,Negative
freak,Negative
free#1,Positive
free#2,Positive
free#3,Positive
free#4,Positive
free#5,Positive
freedom,Positive
fresh,Positive
fret,Negative
fretful,Negative
friend,Positive
friendly,Positive
friendship,Positive
frighten#1,Negative
frighten#2,Negative
frighten#3,Negative
frightful,Negative
frigid,Negative
frivolous,Negative
frolic,Positive
front#3,Negative
frown#1,Negative
frown#2,Negative
frugal,Positive
fruitful,Positive
fruition,Positive
fruitless,Negative
frustrate#1,Negative
frustrate#2,Negative
frustrate#3,Negative
frustration,Negative
fugitive,Negative
fulfill,Positive
fulfillment,Positive
fullness,Positive
fumble,Negative
fun#1,Positive
fun#2,Negative
funny#1,Positive
funny#2,Positive
funny#3,Positive
furious,Negative
fury,Negative
fuss,Negative
fussy,Negative
futility,Negative
gaiety,Positive
gaily,Positive
gain#1,Positive
gain#2,Positive
gall,Negative
gallant,Positive
gallantry,Positive
gamble#1,Negative
gamble#2,Negative
game#3,Positive
garnish,Positive
gash,Negative
gaudy,Negative
gay,Positive
generate,Positive
generosity,Positive
generous,Positive
genial,Positive
genius,Positive
gentle,Positive
genuine,Positive
germ,Negative
get#5,Negative
ghastly,Negative
ghetto,Negative
giddy,Positive
gift,Positive
gifted,Positive
give#1,Positive
give#4,Positive
glad#1,Positive
glad#2,Positive
gladden,Positive
gladness,Positive
glamorous,Positive
glamour,Positive
glare,Negative
gleam#1,Positive
gleam#2,Positive
glean,Positive
glee,Positive
glimmer,Positive
glisten#1,Positive
glisten#2,Positive
glitter#1,Positive
glitter#2,Positive
gloat,Negative
gloom,Negative
gloomy,Negative
glorify,Positive
glorious,Positive
glory,Positive
glossy,Positive
glow#1,Positive
glow#2,Positive
glum,Negative
goddamn,Negative
godlike,Positive
godliness,Positive
gold,Positive
golden,Positive
good#1,Positive
goodbye,Positive
goodness,Positive
gorgeous,Positive
grab,Negative
grace,Positive
graceful,Positive
gracious,Positive
graduation,Positive
grand,Positive
grandeur,Positive
grapple,Negative
grateful,Positive
gratification,Positive
gratify,Positive
gratitude,Positive
gratuitous,Negative
grave#1,Negative
grave#2,Negative
grave#3,Negative
grave#4,Negative
grave#5,Negative
great#1,Positive
great#2,Positive
great#3,Positive
greatness,Positive
greet#1,Positive
greet#2,Positive
grief,Negative
grievance,Negative
grieve,Negative
grim,Negative
grizzly,Negative
groom,Positive
grotesque,Negative
growl,Negative
grudge,Negative
gruff,Negative
grumble,Negative
guarantee#1,Positive
guarantee#2,Positive
guardian,Positive
guerrilla,Negative
guide#1,Positive
guide#2,Positive
guide#4,Positive
guilt,Negative
guilty,Negative
guise,Negative
gullible,Negative
gun,Negative
gunmen,Negative
gusto,Positive
hack,Negative
hackney,Negative
hag,Negative
haggard,Negative
hallowed,Positive
hamper,Negative
hand#6,Negative
hand#9,Positive
handicap,Negative
handsome,Positive
handy,Positive
hang#3,Negative
hang#6,Negative
haphazard,Negative
hapless,Negative
happiness,Positive
happy#1,Positive
happy#2,Positive
happy#3,Positive
happy#4,Positive
harass,Negative
harassment,Negative
hard#1,Negative
hard#5,Negative
hardship,Negative
hardy,Positive
harm#1,Negative
harm#2,Negative
harmful,Negative
harmless,Positive
harmonious,Positive
harmonize,Positive
harmony,Positive
harness,Positive
harsh,Negative
hassle,Negative
hate#1,Negative
hate#2,Negative
hate#3,Negative
hater,Negative
hatred,Negative
haughty,Negative
haunt,Negative
haven,Positive
havoc,Negative
hazard#1,Negative
hazard#2,Negative
hazardous,Negative
haziness,Negative
hazy,Negative
headache,Negative
heal,Positive
health,Positive
healthful,Positive
healthy#1,Positive
healthy#2,Positive
healthy#3,Positive
heart#4,Positive
heartily,Positive
heartless,Negative
heaven,Positive
heavenly,Positive
hectic,Negative
hedge,Negative
hedonistic,Negative
heedless,Negative
heinous,Negative
hell,Negative
help#1,Positive
help#2,Positive
help#3,Negative
help#4,Positive
helpful,Positive
helpless,Negative
helplessness,Negative
hero,Positive
heroic,Positive
heroine,Positive
heroism,Positive
hideous,Negative
highlight,Positive
hilarious,Positive
hinder,Negative
hindrance,Negative
hit#1,Negative
hit#4,Negative
hit#5,Positive
hoard,Negative
hobble,Negative
hole#2,Negative
hole#3,Negative
hollow,Negative
holy,Positive
homage,Positive
home,Positive
homely,Negative
honest#1,Positive
honest#2,Positive
honest#3,Positive
honeymoon,Positive
honor#1,Positive
honor#2,Positive
honor#3,Positive
honorable,Positive
hope#1,Positive
hope#2,Positive
hopeful,Positive
hopeless,Negative
horde,Negative
horn#3,Negative
horrible,Negative
horrid,Negative
horrify,Negative
horror,Negative
hospitable,Positive
hostile,Negative
hostility,Negative
hot#6,Negative
hug,Positive
human,Positive
humanitarian,Positive
humanity,Positive
humble,Positive
humiliate,Negative
humiliation,Negative
humility,Positive
humor,Positive
humorous,Positive
hung#3,Negative
hunger,Negative
hungry,Negative
hunt#1,Negative
hunt#2,Negative
hunt#3,Negative
hunter,Negative
hurt#1,Negative
hurt#2,Negative
hurtful,Negative
hustle,Negative
hustler,Negative
hygiene,Positive
hypocrisy,Negative
hypocrite,Negative
hysteria,Negative
hysterical,Negative
ideal#1,Positive
ideal#2,Positive
ideal#3,Positive
idealism,Positive
idiot,Negative
idiotic,Negative
idleness,Negative
idol,Positive
idolize,Positive
ignoble,Negative
ignorance,Negative
ignorant,Negative
ill#1,Negative
ill#2,Negative
ill#3,Negative
ill#4,Negative
illegal,Negative
illegality,Negative
illiterate,Negative
illness,Negative
illogical,Negative
illuminate,Positive
illustrious,Positive
imagination,Positive
imaginative,Positive
immaculate,Positive
immature,Negative
immobility,Negative
immoral,Negative
immorality,Negative
immortal,Positive
immovable,Negative
impair,Negative
impartial,Positive
impartiality,Positive
impasse,Negative
impatience,Negative
impatient,Negative
impede,Negative
impediment,Negative
imperative,Positive
imperfect,Negative
impersonal,Negative
impervious,Positive
impetuous,Negative
impetus,Positive
implicate,Negative
implore,Negative
importance,Positive
important,Positive
impose,Negative
imprecision,Negative
impress#1,Positive
impressive,Positive
imprison,Negative
imprisonment,Negative
improper,Negative
improve#1,Positive
improve#2,Positive
improve#3,Positive
improvement,Positive
impulsive,Negative
impunity,Positive
impure,Negative
impurity,Negative
inability,Negative
inaccessible,Negative
inaccuracy,Negative
inadequate,Negative
inane,Negative
inaugurate,Positive
inauguration,Positive
incapable,Negative
incessant,Negative
incompatibility,Negative
incompatible,Negative
incompetence,Negative
incompetent,Negative
inconsistency,Negative
inconvenient,Negative
incorrect,Negative
incredible,Negative
incurable,Negative
indecent,Negative
indefinite,Negative
independence,Positive
independent#1,Positive
independent#2,Positive
indescribable,Positive
indeterminable,Negative
indeterminate,Negative
indicative,Positive
indictment,Negative
indifference,Negative
indifferent,Negative
indignation,Negative
indispensability,Positive
indispensable,Positive
individuality,Positive
indomitable,Positive
indulge,Negative
indulgence,Positive
industrious,Positive
ineffective,Negative
ineffectiveness,Negative
ineffectual,Negative
ineffectualness,Negative
inefficiency,Negative
inequality,Negative
inexact,Negative
inexpensive,Positive
inexplicable,Negative
infallibility,Positive
infallible,Positive
infamous,Negative
infect,Negative
infection,Negative
infer,Positive
inference,Positive
inferior,Negative
inferiority,Negative
infest,Negative
infiltration,Negative
inflame,Negative
inflation,Negative
inflict,Negative
inform#1,Positive
inform#2,Positive
infraction,Negative
infringement,Negative
infuriate,Negative
ingenious,Positive
ingenuity,Positive
ingratitude,Negative
inherit,Positive
inhibit,Negative
inhibition,Negative
inhumane,Negative
injunction,Negative
injure,Negative
injurious,Negative
injury,Negative
innocence,Positive
innocent,Positive
innovate,Positive
innovative,Positive
inquisitive,Positive
insane,Negative
insecure,Negative
insecurity,Negative
insensible,Negative
inseparable,Positive
insidious,Negative
insight,Positive
insignificant,Negative
insinuate,Negative
insistent,Positive
insolence,Negative
insolent,Negative
inspiration,Positive
inspirational,Positive
inspire#1,Positive
inspire#2,Positive
instability,Negative
instable,Negative
instinctive,Positive
insufficiency,Negative
insufficient,Negative
insult,Negative
integrity,Positive
intellect,Positive
intellectual#1,Positive
intellectual#2,Positive
intellectual#3,Positive
intelligence,Positive
intelligent,Positive
intelligible,Positive
intercede,Positive
intercourse,Positive
interest#1,Positive
interest#3,Positive
interest#4,Positive
interested#1,Positive
interested#2,Positive
interfere,Negative
interference,Negative
interpose,Positive
interrupt,Negative
interruption,Negative
intervention,Negative
intimacy,Positive
intimate,Positive
intimidate,Negative
intolerable,Negative
intoxicate,Negative
intricate,Positive
intrigue,Positive
intrude,Negative
intruder,Negative
intrusion,Negative
inundate,Negative
inundated,Negative
invade,Negative
invalid,Negative
invaluable,Positive
inventor,Positive
invincible,Positive
invisible,Negative
invitation,Positive
invite#1,Positive
invite#2,Positive
involuntary,Negative
involve#5,Negative
invulnerable,Positive
irk,Negative
iron#3,Negative
iron#5,Negative
ironic,Negative
irony,Negative
irrational,Negative
irregular,Negative
irregularity,Negative
irresistible,Positive
irresponsible,Negative
irritable,Negative
irritation,Negative
isolate#1,Negative
isolate#2,Negative
jail#1,Negative
jail#2,Negative
jar#2,Negative
jeer,Negative
jeopardize,Negative
jeopardy,Negative
jerk#1,Negative
jerk#2,Negative
jest,Positive
jittery,Negative
jobless,Negative
join#2,Positive
jointly,Positive
joke#1,Positive
joke#2,Positive
joke#3,Positive
jolly,Positive
joy,Positive
joyful,Positive
jubilant,Positive
jubilee,Positive
jumpy,Negative
junk,Negative
just#3,Positive
just#4,Positive
justice,Positive
justifiably,Positive
justification,Positive
justify,Positive
keen,Positive
kick#1,Negative
kick#3,Negative
kick#4,Negative
kid#2,Positive
kidnap,Negative
kill#1,Negative
kill#2,Negative
killer,Negative
kind#2,Positive
kind#5,Positive
kindness,Positive
kiss#1,Positive
kiss#2,Positive
knife#2,Negative
knock#1,Negative
knock#2,Negative
knock#3,Negative
know#3,Positive
know#4,Positive
knowledge,Positive
lack#1,Negative
lack#2,Negative
lack#3,Negative
lag,Negative
laid#2,Negative
lame,Negative
lament,Negative
lamentable,Negative
languish,Negative
lapse,Negative
laudable,Positive
laugh#1,Positive
laugh#2,Positive
laugh#3,Negative
laugh#5,Positive
laugh#6,Positive
laughter,Positive
lavish,Positive
law,Positive
lawful,Positive
lawless,Negative
lay#3,Negative
lazily,Negative
lazy,Negative
lead#4,Positive
leak,Negative
leakage,Negative
learn#2,Positive
learn#3,Positive
learner,Positive
legal,Positive
legitimacy,Positive
legitimate,Positive
leisure,Positive
let#3,Negative
liability,Negative
liable,Negative
liar,Negative
liberal#2,Positive
liberal#3,Positive
liberalism,Positive
liberate,Positive
liberty,Positive
lie#2,Negative
lie#3,Negative
lifeless,Negative
lifelong,Positive
light#1,Positive
light#3,Positive
likable,Positive
like#2,Positive
like#3,Positive
limit#2,Negative
limit#3,Negative
limit#4,Negative
limitation,Negative
limp,Negative
liquidate,Negative
liquidation,Negative
litter,Negative
live#6,Positive
lively,Positive
load#3,Negative
logic,Positive
logical,Positive
lone#1,Negative
loneliness,Negative
lonely,Negative
loner,Negative
lonesome,Negative
longevity,Positive
loom,Negative
lose#1,Negative
lose#2,Negative
loser,Negative
loss,Negative
lost#1,Negative
lost#2,Negative
lost#3,Negative
lost#4,Negative
love#1,Positive
love#2,Positive
love#3,Positive
love#4,Positive
loveless,Negative
loveliness,Positive
lovely,Positive
lover#1,Positive
lover#2,Positive
low#1,Negative
low#2,Negative
lower#1,Negative
lowly,Negative
loyal,Positive
loyalty,Positive
lucid,Positive
luck,Positive
luckily,Positive
lucky,Positive
lucrative,Positive
ludicrous,Negative
lull,Negative
luminous,Positive
lunatic,Negative
lure,Negative
lurk,Negative
lust,Positive
luster,Positive
lustrous,Positive
luxuriant,Positive
luxurious,Positive
luxury,Positive
lying#2,Negative
lying#3,Negative
lyric,Positive
lyrical,Positive
mad#1,Negative
mad#2,Negative
madman,Negative
madness,Negative
magical,Positive
magnetic,Positive
magnificence,Positive
magnificent,Positive
main#1,Positive
majestic,Positive
majesty,Positive
major#1,Positive
make#2,Negative
make#6,Positive
make#7,Positive
maladjusted,Negative
maladjustment,Negative
malady,Negative
malice,Negative
malicious,Negative
malignant,Negative
manageable,Positive
mangle,Negative
manipulate,Negative
manipulation,Negative
manly,Positive
manslaughter,Negative
mar#1,Negative
mar#2,Negative
marginal,Negative
marital,Positive
marriage,Positive
marry#1,Positive
marry#2,Positive
marvel,Positive
marvelous,Positive
massacre,Negative
masterful,Positive
mastery,Positive
matchless,Positive
mate#1,Positive
mate#2,Positive
matter#4,Positive
matter#5,Negative
mature#1,Positive
mature#2,Positive
mature#3,Positive
maturity,Positive
maximize,Positive
meager,Negative
mean#2,Negative
meaningful,Positive
meaningless,Negative
measurable,Positive
meddle,Negative
mediate,Positive
mediocre,Negative
meditation,Positive
meek,Negative
meet#5,Positive
melancholy,Negative
mellow,Positive
melodramatic,Negative
melody,Positive
memorable,Positive
menace,Negative
mend,Positive
menial,Negative
mentor,Positive
merciful,Positive
merciless,Negative
mercy,Positive
merit#1,Positive
merit#2,Positive
meritorious,Positive
merrily,Positive
merriment,Positive
merry,Positive
mesh,Positive
mess#1,Negative
mess#2,Negative
meticulous,Positive
mighty,Positive
mild,Positive
mind#9,Negative
mind#_10,Positive
mindful,Positive
mine#3,Negative
minister#4,Positive
mint,Positive
miracle,Positive
miraculous,Positive
mirth,Positive
misbehave,Negative
misbehavior,Negative
mischief,Negative
mischievous,Negative
miser,Negative
miserable,Negative
misery,Negative
misfortune,Negative
mishandle,Negative
mishap,Negative
misinform,Negative
misinformed,Negative
mislead,Negative
misrepresent,Negative
miss#1,Negative
mistake#1,Negative
mistake#2,Negative
mistake#3,Negative
mistaken,Negative
mistrust,Negative
misunderstand,Negative
misunderstanding,Negative
misunderstood,Negative
misuse,Negative
mix#3,Negative
moan,Negative
mobility,Positive
mobilize,Positive
mock,Negative
mockery,Negative
moderate,Positive
moderation,Positive
modernity,Positive
modest,Positive
modesty,Positive
molest,Negative
momentous,Positive
monotonous,Negative
monotony,Negative
monster,Negative
monstrous,Negative
monumental,Positive
moody,Negative
moral,Positive
morale,Positive
moralistic,Positive
morality,Positive
mortify,Negative
motionless,Negative
motivate,Positive
motivated,Positive
motivation,Positive
motive,Positive
motley,Negative
mourn#1,Negative
mourn#2,Negative
mourner,Negative
muddle,Negative
muddy,Negative
multitude,Positive
mumble,Negative
mundane,Negative
murder#1,Negative
murder#2,Negative
murderous,Negative
murky,Negative
mutter,Negative
mutual#1,Positive
mutual#2,Positive
myriad,Positive
myself>#3,Negative
nag#2,Negative
naive,Negative
nasty,Negative
natural#1,Positive
natural#2,Positive
naughty,Negative
navigable,Positive
neat,Positive
nebulous,Negative
necessarily,Positive
need#1,Negative
need#2,Negative
need#3,Negative
needle#2,Negative
needy,Negative
negate,Negative
negation,Negative
negative,Negative
neglect#1,Negative
neglect#2,Negative
negligence,Negative
negligent,Negative
negotiate,Positive
nervous,Negative
nervousness,Negative
neurotic,Negative
neutralize,Negative
nice#1,Positive
nice#2,Positive
nice#3,Positive
nice#4,Positive
niche,Positive
nightmare,Negative
nimble,Positive
nix,Negative
nobility,Positive
noble,Positive
nobleman,Positive
noise,Negative
noiseless,Positive
nominate,Positive
non-violence,Positive
non-violent,Positive
nonchalant,Negative
nonsense,Negative
normal,Positive
nosey,Negative
notable,Positive
notoriety,Positive
notorious,Negative
nourish,Positive
nourishment,Positive
novelty,Positive
novice,Negative
nuisance,Negative
nullification,Negative
nullify,Negative
numb,Negative
nurse#2,Positive
nurture,Positive
nutrient,Positive
nuts,Negative
oasis,Positive
obedience,Positive
obedient,Positive
obey,Positive
object#3,Negative
objection,Negative
objective#2,Positive
objective#3,Positive
oblige,Positive
oblique,Negative
obliterate,Negative
obnoxious,Negative
obscure,Negative
obsolete,Negative
obstacle,Negative
obstinate,Negative
obstruct,Negative
obstruction,Negative
obtain,Positive
obtainable,Positive
odd,Negative
oddity,Negative
offend,Negative
offender,Negative
offensive,Negative
offer#1,Positive
offer#2,Positive
offer#3,Positive
offset,Positive
ominous,Negative
omission,Negative
omit,Negative
onset,Positive
onward,Positive
open#1,Positive
open#2,Positive
opinionated,Negative
opponent,Negative
opportune,Positive
opportunity,Positive
oppose#1,Negative
oppose#2,Negative
oppose#3,Negative
opposition,Negative
oppress,Negative
oppression,Negative
oppressive,Negative
optimal,Positive
optimism,Positive
optimistic,Positive
optional,Positive
ordeal,Negative
order#2,Positive
order#5,Positive
order#6,Positive
order#8,Negative
organize#1,Positive
organize#2,Positive
originality,Positive
orphan,Negative
ostracize,Negative
oust,Negative
outbreak,Negative
outburst,Negative
outcast,Negative
outcry,Negative
outgoing,Positive
outlaw,Negative
outlive,Positive
outrage,Negative
outrageous,Negative
outright,Positive
outrun,Positive
outset,Positive
outsider,Negative
outstanding,Positive
outwit,Positive
overbearing,Negative
overcome,Positive
overflow,Negative
overjoyed,Positive
overlook,Negative
overpower,Negative
overrun,Negative
oversight,Negative
overthrow,Negative
overturn,Negative
overwhelming,Negative
overworked,Negative
owe,Negative
pain,Negative
painful,Negative
painstaking,Positive
palatable,Positive
palatial,Positive
paltry,Negative
pamper,Positive
pandemonium,Negative
panic,Negative
paradise,Positive
paralysis,Negative
paralyzed,Negative
paramount,Positive
paranoid,Negative
parasite,Negative
pardon#1,Positive
pardon#2,Positive
particular#1,Positive
particular#2,Negative
partition,Negative
partner,Positive
partnership,Positive
pass#2,Positive
pass#8,Negative
pass#_10,Negative
pass#_13,Negative
passe,Negative
passionate,Positive
pathetic,Negative
patience,Positive
patient#2,Positive
patient#3,Positive
patriot,Positive
patriotic,Positive
patron,Positive
patronage,Positive
patronize,Negative
pay#4,Positive
peace#1,Positive
peace#2,Positive
peaceable,Positive
peaceful,Positive
peculiar,Negative
peerless,Positive
perfect#1,Positive
perfect#2,Positive
perfect#3,Positive
perfection,Positive
perfectionism,Positive
perfectionist,Positive
perfume,Positive
peril,Negative
perilous,Negative
perish,Negative
permission,Positive
permit#1,Positive
perplex,Negative
perplexity,Negative
persecute,Negative
persecution,Negative
perseverance,Positive
persevere,Positive
persuasive,Positive
pertinent,Positive
perturb,Negative
perverse,Negative
pervert,Negative
pessimism,Negative
pessimistic,Negative
pest,Negative
petty,Negative
phobia,Negative
pick#3,Negative
picturesque,Positive
piece#4,Negative
piety,Positive
pinch#1,Negative
pinch#2,Negative
pinnacle,Positive
pious,Positive
pitiful,Negative
pitiless,Negative
plague#1,Negative
plague#2,Negative
plain#1,Positive
plain#3,Positive
plain#4,Positive
plain#5,Positive
plaintiff,Negative
plausibility,Positive
playful,Positive
playmate,Positive
plaything,Positive
pleasant#1,Positive
pleasant#2,Positive
pleasantry,Positive
please#2,Positive
please#3,Positive
pleased#1,Positive
pleased#2,Positive
pleasurable,Positive
pleasure,Positive
pledge,Positive
plentiful,Positive
plenty,Positive
plight,Negative
plod,Negative
plot#2,Negative
poetic,Positive
poignant,Positive
point#6,Negative
pointless,Negative
poise#1,Positive
poison,Negative
poisonous,Negative
polish,Positive
polite,Positive
politeness,Positive
pollute,Negative
pollution,Negative
pomp,Positive
pompous,Negative
poor#1,Negative
poor#2,Negative
poor#3,Negative
poor#4,Negative
poor#5,Negative
poor#6,Negative
popular,Positive
popularity,Positive
populous,Positive
portable,Positive
positive,Positive
positiveness,Positive
positivity,Positive
posterity,Positive
potency,Positive
potent,Positive
pound#2,Negative
pout,Negative
poverty,Negative
powerless,Negative
practicable,Positive
practical#1,Positive
praise#1,Positive
praise#2,Positive
prance,Positive
precarious,Negative
precaution,Positive
precedent,Positive
precept,Positive
precious,Positive
precipitate,Negative
precise,Positive
precision,Positive
predicament,Negative
preeminent,Positive
preference,Positive
prejudice,Negative
prejudicial,Negative
premier,Positive
premise,Positive
premium,Positive
preparatory,Positive
preposterous,Negative
press#4,Negative
prestige,Positive
presumptuous,Negative
pretend,Negative
pretense,Negative
pretentious,Negative
prettily,Positive
pretty#2,Positive
pretty#3,Positive
pretty#4,Positive
pretty#5,Positive
priceless,Positive
pride,Positive
primarily,Positive
prime,Positive
principal#1,Positive
principle#1,Positive
principle#2,Positive
principle#4,Positive
prison#1,Negative
prison#2,Negative
prisoner,Negative
privacy,Positive
privileged,Positive
privy,Positive
prize,Positive
pro,Positive
proactive,Positive
problem,Negative
procrastinate,Negative
procrastination,Negative
prod,Negative
prodigious,Positive
prodigy,Positive
productive,Positive
productivity,Positive
profess,Positive
proffer,Positive
proficient,Positive
profit#1,Positive
profit#2,Positive
profitable,Positive
profound,Positive
progress#1,Positive
progress#2,Positive
progressive,Positive
prohibit,Negative
prohibition,Negative
prohibitive,Negative
prolific,Positive
prominence,Positive
prominent,Positive
promise#3,Positive
promise#4,Positive
prompt#1,Positive
prompt#2,Positive
promptly,Positive
propaganda,Negative
proper,Positive
propitious,Positive
proprietary,Positive
propriety,Positive
prosecute,Positive
prosecution,Negative
prosper,Positive
prosperity,Positive
prosperous,Positive
protect,Positive
protection,Positive
protective,Positive
protector,Positive
protest#1,Negative
protest#2,Negative
proud,Positive
provide#1,Positive
providence,Positive
provocation,Negative
provoke,Negative
prowess,Positive
prowl,Negative
prudence,Positive
prudent,Positive
pry,Negative
punch,Negative
punctual,Positive
punish,Negative
puny,Negative
pure,Positive
purification,Positive
purify,Positive
purity,Positive
purposeful,Positive
purr,Positive
push#1,Negative
push#2,Negative
push#3,Negative
puzzlement,Negative
quaint,Positive
qualify#1,Positive
qualify#3,Positive
quality#2,Positive
qualm,Negative
quandary,Negative
quarrel#1,Negative
quarrel#2,Negative
quarrelsome,Negative
queer,Negative
quench,Positive
questionable,Negative
quibble,Negative
quicken,Positive
quit,Negative
quitter,Negative
race#4,Negative
radiance,Positive
radiant,Positive
radiate,Positive
radical,Negative
rage,Negative
raid,Negative
raise#5,Negative
rally,Positive
ramble,Negative
rampant,Negative
rapport,Positive
rapt,Positive
rapture,Positive
rascal,Negative
rash,Negative
rat,Negative
ration,Negative
rational,Positive
rattle#2,Negative
ravage,Negative
rave,Positive
reactionary,Negative
reactive,Negative
readily,Positive
real#1,Positive
realistic,Positive
realistically,Positive
reap,Positive
reasonable,Positive
reassurance,Positive
reassure,Positive
rebel#1,Negative
rebel#2,Negative
rebellion,Negative
rebellious,Negative
rebuff,Negative
rebuke,Negative
rebut,Negative
recalcitrant,Negative
recede,Negative
receptive,Positive
recession,Negative
reckless,Negative
recklessness,Negative
reclaim,Positive
recline,Positive
recoil,Negative
recompense,Positive
reconcile,Positive
reconciliation,Positive
recreation,Positive
redeem,Positive
redemption,Positive
redundancy,Negative
redundant,Negative
reestablish,Positive
refine,Positive
refinement,Positive
refrain,Negative
refuge,Positive
refugee,Negative
refusal,Negative
refuse#1,Negative
regal,Positive
regard#3,Positive
regardless,Negative
regress,Negative
regression,Negative
regret#1,Negative
regret#2,Negative
regrettable,Negative
rehabilitation,Positive
reinforcement,Positive
reinstate,Positive
reject,Negative
rejection,Negative
rejoice,Positive
relapse,Negative
relaxation,Positive
relevance,Positive
relevancy,Positive
relevant,Positive
reliability,Positive
reliable,Positive
relief,Positive
relieve#3,Positive
religious#1,Positive
relish,Positive
reluctant,Negative
remarkable,Positive
remarkably,Positive
remedy,Positive
remodel,Positive
remorse,Negative
renaissance,Positive
renewal,Positive
renounce,Negative
renovate,Positive
renovation,Positive
renown,Positive
renunciation,Negative
repair#1,Positive
repair#2,Positive
reparation,Positive
repeal,Negative
repent,Positive
repentance,Positive
repose,Positive
reprehensible,Negative
repress,Negative
reproach,Negative
repudiate,Negative
repugnant,Negative
repulse,Negative
repulsive,Negative
reputable,Positive
rescue#1,Positive
rescue#2,Positive
resent,Negative
resentful,Negative
resentment,Negative
resignation,Negative
resolute,Positive
resolve#1,Positive
resolve#2,Positive
resolved,Positive
resound,Positive
resourceful,Positive
resourcefulness,Positive
respect#1,Positive
respect#2,Positive
respect#5,Positive
respectable,Positive
respectful,Positive
respite,Positive
resplendent,Positive
responsibility,Positive
responsible#1,Positive
responsive,Positive
restful,Positive
restless,Negative
restlessness,Negative
restoration,Positive
restore,Positive
restrict#1,Negative
restrict#2,Negative
restrict#3,Negative
restriction,Negative
resurrect,Positive
retaliate,Negative
retard,Negative
retire,Negative
retreat#1,Negative
retreat#2,Negative
return#2,Positive
return#5,Positive
reunion,Positive
reunite,Positive
revel,Positive
revelation,Positive
revenge,Negative
revere,Positive
reverence,Positive
reverent,Positive
reverently,Positive
revert,Negative
revitalize,Positive
revival,Positive
revive,Positive
revoke,Negative
revolt,Negative
revolution,Negative
reward#1,Positive
reward#2,Positive
reward#3,Positive
rich#1,Positive
rich#2,Positive
rich#3,Positive
rich#4,Positive
rich#5,Positive
rich#6,Positive
riches,Positive
richness,Positive
rid,Negative
ride#3,Negative
ridicule#1,Negative
ridicule#2,Negative
ridiculous,Negative
right#1,Positive
right#6,Positive
righteous,Positive
righteousness,Positive
rightful,Positive
rigid,Negative
rigor,Negative
rigorous,Negative
rip#1,Negative
rip#2,Negative
ripe,Positive
ripen,Positive
risky,Negative
rival#1,Negative
rival#2,Negative
rivalry,Negative
robber,Negative
robbery,Negative
robust,Positive
rogue,Negative
romance,Positive
romantic,Positive
romanticize,Positive
root#4,Negative
rosy,Positive
rot,Negative
rotten,Negative
rough#1,Negative
roughness,Negative
round#4,Positive
roundabout,Negative
rouse,Positive
rubbish,Negative
rude,Negative
rue,Negative
ruffian,Negative
ruin#1,Negative
ruin#2,Negative
ruin#3,Negative
ruin#4,Negative
ruinous,Negative
rumor,Negative
rumple,Negative
run#4,Negative
run#5,Negative
runaway,Negative
rupture#1,Negative
rupture#2,Negative
rusty,Negative
ruthless,Negative
ruthlessness,Negative
sabotage,Negative
sacred,Positive
sad,Negative
sadness,Negative
safe#1,Positive
safe#2,Positive
safe#3,Positive
safe#4,Positive
safeguard,Positive
safety#2,Positive
sag,Negative
sagacity,Positive
sage,Positive
saint,Positive
salutary,Positive
salutation,Positive
salute,Positive
salvation,Positive
sanctify,Positive
sanctuary,Positive
sane,Positive
sanguine,Positive
sanitary,Positive
sanity,Positive
sank,Negative
sap,Negative
sarcasm,Negative
sarcastic,Negative
satisfaction,Positive
satisfactorily,Positive
satisfactory,Positive
satisfy#1,Positive
satisfy#2,Positive
satisfy#3,Positive
savage,Negative
save#1,Positive
savings,Positive
savor,Positive
savvy,Positive
scald,Negative
scamper,Positive
scandal,Negative
scandalous,Negative
scapegoat,Negative
scar,Negative
scarcity,Negative
scare#1,Negative
scare#2,Negative
scared#1,Negative
scared#2,Negative
scary,Negative
scheme#1,Negative
scheme#2,Negative
scoff,Negative
scold#1,Negative
scold#2,Negative
scorch,Negative
scorn,Negative
scornful,Negative
scoundrel,Negative
scowl,Negative
scrape,Negative
scream#1,Negative
scream#2,Negative
screech#1,Negative
screech#2,Negative
screw#2,Negative
scruples,Positive
scrupulous,Positive
scrutinize,Negative
scuffle,Negative
scum,Negative
secede,Negative
secession,Negative
secrecy,Negative
secret,Negative
secure#2,Positive
secure#3,Positive
security#1,Positive
security#2,Positive
sedentary,Negative
seethe,Negative
segregation,Negative
seize,Negative
selective,Positive
self-contained,Positive
self-respect,Positive
selfish,Negative
selfishness,Negative
semblance,Positive
senile,Negative
sensational,Positive
sense#3,Positive
sense#5,Positive
senseless,Negative
sensible,Positive
sensitive,Positive
sensitivity,Positive
sentence#2,Negative
sequester,Negative
serene,Positive
serious,Positive
seriousness,Positive
serve#4,Negative
service#3,Negative
servitude,Negative
settle#4,Positive
sever,Negative
severe,Negative
severity,Negative
shabby,Negative
shadow#2,Negative
shady,Negative
shaggy,Negative
shake#1,Negative
shallow,Negative
shame,Negative
shameful,Negative
shameless,Negative
share#1,Positive
share#3,Positive
share#4,Positive
shark,Negative
shell#2,Negative
shell#3,Negative
shelter#1,Positive
shelter#2,Positive
shield,Positive
shiny,Positive
shipwreck,Negative
shirk,Negative
shiver,Negative
shock#1,Negative
shock#2,Negative
shock#3,Negative
shock#4,Negative
shock#5,Negative
shoddy,Negative
shoot#1,Negative
shoot#3,Negative
shoot#6,Negative
short#5,Negative
shortage,Negative
shortcoming,Negative
shortsighted,Negative
shot#1,Negative
shove,Negative
show#4,Negative
shred,Negative
shrew,Negative
shrewd,Positive
shrewdness,Positive
shriek,Negative
shrill,Negative
shrivel,Negative
shroud,Negative
shrug#1,Negative
shrug#2,Negative
shun,Negative
shyness,Negative
sick#1,Negative
sick#2,Negative
sick#3,Negative
sick#4,Negative
sickly,Negative
sickness,Negative
siege,Negative
significance,Positive
significant,Positive
signify,Positive
silly,Negative
simplicity,Positive
simplify#1,Positive
simplify#2,Positive
simplistic,Negative
sin#1,Negative
sin#2,Negative
sincere,Positive
sincerity,Positive
sinful,Negative
sinister,Negative
skeptical,Negative
sketchy,Negative
skill#1,Positive
skill#2,Positive
skillful,Positive
skirmish,Negative
skulk,Negative
slam,Negative
slander,Negative
slanderer,Negative
slanderous,Negative
slap,Negative
slash,Negative
slaughter,Negative
slayer,Negative
sleazy,Negative
sleek,Positive
sleepless,Negative
slight#2,Negative
slight#3,Negative
slight#4,Negative
slight#5,Negative
slime,Negative
sloppy,Negative
sloth,Negative
slothful,Negative
slug,Negative
sluggish,Negative
slump,Negative
sly,Negative
smack,Negative
smart#1,Positive
smart#2,Positive
smart#4,Positive
smash#1,Negative
smash#2,Negative
smear,Negative
smile#1,Positive
smile#2,Positive
smile#3,Positive
smile#4,Positive
smitten,Positive
smother,Negative
smuggle,Negative
snare,Negative
snarl,Negative
snatch,Negative
sneak,Negative
sneer,Negative
snore,Negative
sob,Negative
sober,Positive
sociable,Positive
softness,Positive
solace,Positive
solution,Positive
somber,Negative
soothe,Positive
sophisticated,Positive
sore,Negative
soreness,Negative
sorrow,Negative
sorrowful,Negative
sorry#1,Negative
sorry#2,Negative
sort#3,Negative
sought,Positive
sound#4,Positive
sound#6,Positive
soundness,Positive
sour,Negative
spank,Negative
spare#2,Positive
sparkle,Positive
spear#2,Negative
special,Positive
spectacular,Positive
speedily,Positive
spill,Negative
spinster,Negative
spite#2,Negative
spiteful,Negative
splendid,Positive
splendor,Positive
split#3,Negative
spoil,Negative
spot#5,Negative
spotless,Positive
sprain,Negative
sprightly,Positive
sputter,Negative
squander,Negative
squarely,Positive
stab,Negative
stability,Positive
stabilize,Positive
stable,Positive
stagnant,Negative
stain,Negative
stale,Negative
stalemate,Negative
stammer,Negative
stamp#2,Negative
stand#5,Positive
standardize,Positive
standstill,Negative
staple,Positive
stark,Negative
startle,Negative
starvation,Negative
starve,Negative
stately,Positive
static,Negative
statuesque,Positive
staunch,Positive
staunchness,Positive
steadfast,Positive
steadfastness,Positive
steadiness,Positive
steady,Positive
steal#1,Negative
steal#2,Negative
stern,Negative
stick#6,Negative
stifle,Negative
stigma,Negative
stimulate,Positive
stimulation,Positive
sting,Negative
stink,Negative
stole,Negative
stolen#1,Negative
stolen#2,Negative
stood#4,Positive
storm#2,Negative
stormy,Negative
straggle,Negative
straggler,Negative
straight#3,Positive
straightforward,Positive
strain#1,Negative
strain#2,Negative
strangle,Negative
stray,Negative
stress#1,Negative
stress#2,Negative
stricken,Negative
strict#1,Negative
strict#2,Negative
strict#3,Negative
strife,Negative
strike#1,Negative
strike#5,Negative
stringent,Negative
struck#1,Negative
struggle#1,Negative
struggle#2,Negative
struggle#3,Negative
strut,Positive
stubborn,Negative
stubbornly,Negative
stubbornness,Negative
stud,Positive
studious,Positive
study#3,Negative
stuffy,Negative
stunt,Negative
stupendous,Positive
stupid#1,Negative
stupid#2,Negative
stupid#3,Negative
stupidity,Negative
stupor,Negative
sturdy,Positive
stylish,Positive
suave,Positive
subjection,Negative
subjugate,Negative
subjugation,Negative
sublime,Positive
submissive,Negative
subscribe,Positive
subscription,Positive
subservience,Negative
subside,Negative
subsidize,Positive
subsidy,Positive
subsist,Positive
subsistence,Positive
substantiate,Positive
substitution,Negative
subtle,Positive
subtract,Negative
subversion,Negative
subvert,Negative
succeed#1,Positive
success,Positive
successful,Positive
succumb,Negative
sucker,Negative
suffer#1,Negative
suffer#3,Negative
sufferer,Negative
suffice,Positive
sufficient,Positive
suffocate,Negative
suit#3,Positive
suit#4,Positive
suitable,Positive
sullen,Negative
summit,Positive
sumptuous,Positive
sunder,Negative
super,Positive
superficial,Negative
superficiality,Negative
superfluous,Negative
superior,Positive
superiority,Positive
superlative,Positive
superstition,Negative
superstitious,Negative
support#1,Positive
support#2,Positive
support#3,Positive
support#4,Positive
supportive,Positive
suppress,Negative
suppression,Negative
supreme#1,Positive
supreme#2,Positive
surge,Positive
surmise,Positive
surmount,Positive
surpass,Positive
survival,Positive
survive,Positive
survivor,Positive
susceptible,Negative
suspect#1,Negative
suspect#2,Negative
suspend,Negative
suspension,Negative
suspicion,Negative
suspicious,Negative
swear,Negative
sweet#1,Positive
sweet#3,Positive
sweet#4,Positive
sweet#5,Positive
sweeten,Positive
sweetheart,Positive
sweetness,Positive
swiftness,Positive
swoon,Positive
swore,Negative
sworn,Positive
symbolize,Positive
symmetry,Positive
sympathetic,Positive
sympathize,Positive
sympathy,Positive
symptom,Negative
synthesis,Positive
taboo,Negative
tact,Positive
tactics,Positive
taint,Negative
talent,Positive
talented,Positive
tamper,Negative
tantrum,Negative
tardy,Negative
tariff,Negative
taste#2,Positive
tatter,Negative
taunt#1,Negative
taunt#2,Negative
tax#2,Negative
tear#1,Negative
tear#3,Negative
tease,Negative
tedious,Negative
temper#1,Negative
temper#2,Negative
temperance,Positive
temperate,Positive
tempest,Negative
temporarily,Negative
tempt,Positive
temptation,Negative
tenacious,Positive
tenacity,Positive
tenderness,Positive
tense,Negative
tension,Negative
terrible,Negative
terrific,Positive
terrify,Negative
terror,Negative
terrorism,Negative
terrorize,Negative
thank#1,Positive
thank#2,Positive
thank#3,Positive
thankful,Positive
theft,Negative
therapeutic,Positive
thief,Negative
thirst,Negative
thirsty,Negative
thorny,Negative
thorough,Positive
thoughtful,Positive
thoughtfulness,Positive
thoughtless,Negative
thrash,Negative
threat,Negative
threaten,Negative
thrift,Positive
thrifty,Positive
thrill,Positive
thrive,Positive
throw#2,Negative
throw#3,Negative
thud,Negative
thwart,Negative
timidity,Negative
tingle#1,Positive
tire#2,Negative
tire#3,Negative
tire#4,Negative
tired#1,Negative
tired#2,Negative
tired#3,Negative
tired#4,Negative
tiresome,Negative
togetherness,Positive
toil,Negative
tolerable,Negative
tolerance,Positive
tolerant,Positive
tolerate,Positive
toleration,Positive
too#3,Negative
topmost,Positive
topple,Negative
torment,Negative
torrent,Negative
torturous,Negative
touchy,Negative
tradition,Positive
traditional,Positive
tragedy,Negative
tragic,Negative
train#4,Positive
traitor,Negative
tramp,Negative
trample,Negative
tranquil,Positive
tranquility,Positive
transgress,Negative
trap#1,Negative
trap#2,Negative
trauma,Negative
traumatic,Negative
travel#4,Positive
treacherous,Negative
treachery,Negative
treason,Negative
treasonous,Negative
treasure#1,Positive
treasure#2,Positive
treat#2,Positive
treatise,Positive
treaty,Positive
tremendous#1,Positive
tremendous#2,Positive
trespass,Negative
tribute,Positive
trick#1,Negative
trick#2,Negative
triumph#1,Positive
triumph#2,Positive
triumphal,Positive
triumphant,Positive
trivial,Negative
trophy,Positive
trouble#1,Negative
trouble#2,Negative
trouble#3,Negative
trouble#4,Negative
troublesome,Negative
truant,Negative
trudge,Negative
true#1,Positive
true#2,Positive
true#3,Positive
true#4,Positive
true#5,Positive
trust#1,Positive
trust#2,Positive
trust#3,Positive
trust#4,Positive
trust#6,Positive
trust#7,Positive
trustworthiness,Positive
trustworthy,Positive
truth,Positive
truthful,Positive
try#4,Negative
try#5,Negative
turbulent,Negative
turmoil,Negative
turn#5,Negative
turn#8,Negative
twitch,Negative
tyranny,Negative
ugly,Negative
ultimatum,Negative
unaccustomed,Negative
unarm,Negative
unattractive,Negative
unauthentic,Negative
unavoidable,Negative
unbearable,Negative
unbelievable,Negative
unbound,Positive
unbroken,Positive
uncivil,Negative
unclean,Negative
unclear,Negative
uncomfortable,Negative
uncommon,Positive
uncouth,Negative
undependability,Negative
undependable,Negative
undermine,Negative
understand#1,Positive
understand#2,Positive
understandable,Positive
understood,Positive
underworld,Negative
undesirable,Negative
undid,Negative
undignified,Negative
undo,Negative
undone,Negative
undoubted,Positive
undoubtedly,Positive
undue,Negative
uneasiness,Negative
uneasy,Negative
uneconomical,Negative
unemployed,Negative
unequal,Negative
uneven,Negative
unexpectedly,Negative
unfair,Negative
unfaithful,Negative
unfamiliar,Negative
unfavorable,Negative
unfeeling,Negative
unfit,Negative
unforeseen,Negative
unforgettable,Positive
unfortunate#1,Negative
unfortunate#2,Negative
unfortunate#3,Negative
unfriendly,Negative
ungrateful,Negative
unguarded,Negative
unhappiness,Negative
unhappy,Negative
unhealthy,Negative
unhurried,Positive
unimpeachable,Positive
unimportant,Negative
uninformed,Negative
unique,Positive
unity,Positive
unjust,Negative
unjustified,Negative
unkind,Negative
unlawful,Negative
unlimited,Positive
unlucky,Negative
unmoved,Negative
unnatural,Negative
unnecessary,Negative
unnerve,Negative
unnoticed,Negative
unobserved,Negative
unpleasant,Negative
unpopular,Negative
unprofitable,Negative
unqualified,Negative
unreasonable,Negative
unreliability,Negative
unreliable,Negative
unrest,Negative
unruly,Negative
unsafe,Negative
unsatisfactory,Negative
unscrupulous,Negative
unseen,Negative
unselfish,Positive
unsettling,Negative
unsound,Negative
unspeakable,Negative
unstable,Negative
unsteadiness,Negative
unsteady,Negative
unsuccessful,Negative
untimely,Negative
untouched,Positive
untrained,Negative
untrue,Negative
untrustworthy,Negative
untruth,Negative
unwilling,Negative
unwillingness,Negative
unwise,Negative
unworthy,Negative
upbeat,Positive
upfront,Positive
upgrade,Positive
upheaval,Negative
upheld,Positive
uphold,Positive
uplift,Positive
uppermost,Positive
upright,Positive
uprising,Negative
uproar,Negative
uproot,Negative
upset#1,Negative
upset#2,Negative
upset#3,Negative
upset#4,Negative
upset#5,Negative
upside,Positive
upward,Positive
usable,Positive
useful,Positive
usefulness,Positive
useless,Negative
usurp,Negative
utilitarian,Positive
utilization,Positive
utilize,Positive
utterance,Negative
uttermost,Positive
vagabond,Negative
vagrant,Negative
vague,Negative
vagueness,Negative
vain,Negative
valiant,Positive
valid,Positive
validity,Positive
valor,Positive
valuable,Positive
value#2,Positive
value#3,Positive
vanish,Negative
vanity,Negative
vanquish,Positive
vastness,Positive
vehement,Negative
venerable,Positive
venerate,Positive
vengeance,Negative
venom,Negative
venomous,Negative
verification,Positive
verify,Positive
veritable,Positive
versatile,Positive
versatility,Positive
veto,Negative
vex,Negative
vexation,Negative
vexing,Negative
viability,Positive
viable,Positive
vice#1,Negative
vicious,Negative
victorious,Positive
vie,Negative
vigilance,Positive
vigilant,Positive
vile,Negative
villain,Negative
violate,Negative
violation,Negative
violence,Negative
violent,Negative
viper,Negative
virtue,Positive
virtuous,Positive
visionary,Positive
visualization,Positive
vitality,Positive
vivacious,Positive
vivid,Positive
void,Negative
volatile,Negative
volatility,Negative
voluntary,Positive
vomit,Negative
vouchsafe,Positive
vulgar,Negative
wail,Negative
wait#4,Negative
wallow,Negative
wane,Negative
wanton,Negative
war,Negative
warfare,Negative
warlike,Negative
warm#1,Positive
warm#2,Positive
warm#3,Positive
warm#4,Positive
warm#5,Positive
warmhearted,Positive
warmth,Positive
warp,Negative
wary,Negative
waste#1,Negative
waste#2,Negative
wasteful,Negative
wastefulness,Negative
wayward,Negative
weaken,Negative
wear#2,Negative
weariness,Negative
wearisome,Negative
wee,Negative
weed,Negative
weep,Negative
weird,Negative
welcome#1,Positive
welcome#2,Positive
welcome#3,Positive
welcome#5,Positive
welfare#1,Positive
well#2,Positive
well#4,Positive
wench,Negative
whack,Negative
whimper,Negative
whimsical,Positive
whine,Negative
whip#1,Negative
whip#2,Negative
whip#3,Negative
wholesome,Positive
wicked,Negative
wickedness,Negative
wild#1,Negative
wild#2,Negative
wild#3,Negative
wild#4,Negative
willful,Positive
willing,Positive
willingness,Positive
wilt,Negative
wily,Negative
wince,Negative
wisdom,Positive
wise#1,Positive
wise#2,Positive
wise#3,Positive
wise#4,Positive
wise#5,Positive
witchcraft,Negative
withheld,Negative
withhold,Negative
witty,Positive
woe,Negative
woeful,Negative
wonder#1,Positive
wonderful,Positive
wondrous,Positive
woo,Positive
workable,Positive
workmanship,Positive
world-famous,Positive
worn#2,Negative
worn#3,Negative
worrier,Negative
worry#1,Negative
worry#2,Negative
worry#3,Negative
worry#4,Negative
worry#5,Negative
worse,Negative
worsen,Negative
worst,Negative
worth#1,Positive
worth#2,Positive
worth#3,Positive
worth#4,Positive
worth-while,Positive
worthiness,Positive
worthless,Negative
worthy,Positive
wound#1,Negative
wound#3,Negative
wound#5,Negative
wrath,Negative
wreck,Negative
wrestle,Negative
wretch,Negative
wretchedness,Negative
wrinkle,Negative
writhe,Negative
wrong#2,Negative
wrong#3,Negative
wrongful,Negative
wrought,Negative
yawn,Negative
yearn,Negative
yelp,Negative
zenith,Positive
zest,Positive
